index_size,method,build_s,avg_query_ms,recall_at_k,pair_hit_rate,avg_candidates
1000,brute force (NumPy),0.0,0.10182870000426192,1.0,1.0,1000.0
1000,brute force (pure Python),0.0004579999949783087,5.67031666675272,1.0,1.0,1000.0
1000,"LSH (tables=8, bits=12)",0.03365060000214726,0.04659310000715777,0.12860000000000002,0.6217616580310881,3.82
1000,"LSH (tables=16, bits=10)",0.03549439999915194,0.06290940000326373,0.2854000000000001,0.8730569948186528,25.42
1000,"LSH (tables=20, bits=8)",0.03717239999969024,0.0897084000025643,0.506,0.966321243523316,102.52
1000,"LSH (tables=20, bits=10)",0.042242600000463426,0.06826529999671038,0.327,0.9145077720207254,31.86
1000,"LSH (tables=24, bits=10)",0.042112600000109524,0.07418460000189953,0.3598,0.9300518134715026,37.53
1000,"LSH (tables=32, bits=12)",0.051564100009272806,0.07187839999096468,0.26800000000000007,0.9041450777202072,14.93
5000,brute force (NumPy),0.0,0.7336938333319267,1.0,0.9579982126899017,5000.0
5000,brute force (pure Python),0.002966000000014901,34.050486667062316,1.0,0.7692307692307693,5000.0
5000,"LSH (tables=8, bits=12)",0.18037530001311097,0.05891240000103911,0.18173333333333336,0.6264521894548705,17.47
5000,"LSH (tables=16, bits=10)",0.1889973000070313,0.10730823333142325,0.3916,0.8543342269883825,118.49
5000,"LSH (tables=20, bits=8)",0.18617839999205898,0.306138599999637,0.6358666666666667,0.9258266309204647,489.65
5000,"LSH (tables=20, bits=10)",0.2025086000066949,0.11793773333677866,0.4421333333333334,0.8838248436103664,147.75
5000,"LSH (tables=24, bits=10)",0.23879479999595787,0.13988023333270877,0.4850666666666667,0.9052725647899911,177.76
5000,"LSH (tables=32, bits=12)",0.29418109999096487,0.10333540000040861,0.38486666666666663,0.8847184986595175,68.79
20000,brute force (NumPy),0.0,2.1703692666681795,1.0,0.8519195612431444,20000.0
20000,brute force (pure Python),0.008127000008244067,119.97037999972235,1.0,0.8181818181818182,20000.0
20000,"LSH (tables=8, bits=12)",0.6423560999974143,0.09487823333377794,0.24826666666666666,0.6106032906764168,71.05
20000,"LSH (tables=16, bits=10)",0.7765523999987636,0.3516171666706214,0.5041333333333333,0.7861060329067642,474.97
20000,"LSH (tables=20, bits=8)",0.725208300005761,2.235776466666721,0.7383333333333333,0.8436928702010968,2004.34
20000,"LSH (tables=20, bits=10)",0.8992169999983162,0.5123154999989007,0.5587333333333333,0.8089579524680073,584.11
20000,"LSH (tables=24, bits=10)",0.9381192000000738,0.7582923999968141,0.6032000000000001,0.8153564899451554,693.86
20000,"LSH (tables=32, bits=12)",1.3767087000014726,0.27014453333201044,0.49613333333333337,0.8043875685557587,268.78
60644,brute force (NumPy),0.0,6.099400000001576,1.0,0.7660924750679964,60644.0
60644,brute force (pure Python),0.031123599997954443,366.1643566665589,0.9866666666666667,0.9230769230769231,60644.0
60644,"LSH (tables=8, bits=12)",1.9207634000049438,0.15205793333492088,0.3237333333333334,0.5548504079782411,218.27
60644,"LSH (tables=16, bits=10)",2.3121376000053715,1.6744055999976504,0.5802,0.7162284678150499,1447.18
60644,"LSH (tables=20, bits=8)",2.342037499998696,5.2153532666658675,0.7954666666666665,0.7443336355394379,6066.63
60644,"LSH (tables=20, bits=10)",2.4090861000004224,2.0706258666662807,0.6337333333333334,0.728921124206709,1808.44
60644,"LSH (tables=24, bits=10)",2.6538851000077557,2.4568278000030355,0.6772666666666667,0.7343608340888486,2149.68
60644,"LSH (tables=32, bits=12)",3.5050889999984065,0.9433396666669674,0.5938666666666667,0.7252946509519492,820.9
